Workbook

Sheet Termo de Uso
A1: name | B1: email | C1: company_name | D1: viewed_at
A2: Bruno Gusmão | B2: bruno.gusmao@sancla.com.br | C2: Clínica Sancla Marilia | D2: 18/05/2026 - 12:46:07
A3: Tainara Trombini | B3: tainara.trombini@sancla.com.br | C3: Clínica Sancla Arapongas | D3: 18/05/2026 - 14:45:14
A4: Adriana Leite | B4: adrianavet2022@gmail.com | C4: A M DA SILVA LEITE - CLINICA VETERINARIA | D4: 18/05/2026 - 11:37:51
A5: Carla Veronesi | B5: carlaveronesi@yahoo.com.br | C5: SanClá - Piraquara-PR | D5: 18/05/2026 - 13:29:14
A6: Guilherme Avila | B6: guilherme.avila@sancla.com.br | C6: G A VET BARRETOS LTDA | D6: 18/05/2026 - 15:26:58
A7: Fernanda Oliveira | B7: fernanda.oliveira@sancla.com.br | C7: OLIVEIRA & OLIVEIRA - CLINICA VETERINARIA LTDA | D7: 18/05/2026 - 11:02:33
A8: João Augusto Leonel de Souza | B8: desouza.ja@gmail.com | C8: SanClá - Araraquara-SP | D8: 18/05/2026 - 14:37:13
A9: José Roberto Franchetto Filho | B9: vetpetribeirao@gmail.com | C9: SanClá - Ribeirão Preto-SP | D9: 18/05/2026 - 11:10:33
A10: Bruna Krepki Rodrigues da Costa | B10: bruna.krepki@sancla.com.br | C10: SanClá - Boituva-SP | D10: 18/05/2026 - 16:19:59
A11: Maria Teresa Maluf Novaes | B11: teresa.maluf@sancla.com.br | C11: Maluf e Margon Serviços Veterinários Ltda | D11: 18/05/2026 - 10:54:18
A12: Diego Rossini | B12: 1diegorossini@gmail.com | C12: CLINICA VETERINARIA ROSSINI LTDA | D12: 18/05/2026 - 10:50:24
... A14: Carlos Alberto Mundim Júnior | B14: mundimvetsocial@outlook.com | C14: SanClá - Curitiba CIC-PR | D14: 25/05/2026 - 12:19:05

Sheet Adesão
A1: name | B1: email | C1: company_name | D1: viewed_at
A2: Bruno Gusmão | B2: bruno.gusmao@sancla.com.br | C2: Clínica Sancla Marilia | D2: 18/05/2026 - 12:46:07
A3: Tainara Trombini | B3: tainara.trombini@sancla.com.br | C3: Clínica Sancla Arapongas | D3: 18/05/2026 - 14:45:14
A4: Adriana Leite | B4: adrianavet2022@gmail.com | C4: A M DA SILVA LEITE - CLINICA VETERINARIA | D4: 18/05/2026 - 11:37:51
A5: Carla Veronesi | B5: carlaveronesi@yahoo.com.br | C5: SanClá - Piraquara-PR | D5: 18/05/2026 - 13:29:14
A6: Guilherme Avila | B6: guilherme.avila@sancla.com.br | C6: G A VET BARRETOS LTDA | D6: 18/05/2026 - 15:26:58
A7: Fernanda Oliveira | B7: fernanda.oliveira@sancla.com.br | C7: OLIVEIRA & OLIVEIRA - CLINICA VETERINARIA LTDA | D7: 18/05/2026 - 11:02:33
A8: João Augusto Leonel de Souza | B8: desouza.ja@gmail.com | C8: SanClá - Araraquara-SP | D8: 18/05/2026 - 14:37:13
A9: José Roberto Franchetto Filho | B9: vetpetribeirao@gmail.com | C9: SanClá - Ribeirão Preto-SP | D9: 18/05/2026 - 11:10:33
A10: Bruna Krepki Rodrigues da Costa | B10: bruna.krepki@sancla.com.br | C10: SanClá - Boituva-SP | D10: 18/05/2026 - 16:19:59
A11: Maria Teresa Maluf Novaes | B11: teresa.maluf@sancla.com.br | C11: Maluf e Margon Serviços Veterinários Ltda | D11: 18/05/2026 - 10:54:18
A12: Diego Rossini | B12: 1diegorossini@gmail.com | C12: CLINICA VETERINARIA ROSSINI LTDA | D12: 18/05/2026 - 10:50:24
... A14: Carlos Alberto Mundim Júnior | B14: mundimvetsocial@outlook.com | C14: SanClá - Curitiba CIC-PR | D14: 25/05/2026 - 12:19:05

Sheet Relação de Franqueados
A1: CNPJ | B1: Sócio | C1: CPF | D1: E-mail | E1: Celular | F1: Status | G1: Coluna3 | H1: ADESÂO EM | I1: TERMO DE USO EM
A2: 49258071000188 | B2: Bruno Gusmão | C2: 409.554.038-98 | D2: bruno.gusmao@sancla.com.br | E2: (14)99879-5439 | F2: Inaugurada | G2: bruno.gusmao@sancla.com.br | H2: =VLOOKUP(G2,Adesão!$B$1:$D$14,3,FALSE) -> 18/05/2026 - 12:46:07 | I2: =VLOOKUP(G2,'Termo de Uso'!$B$1:$D$14,3,FALSE) -> 18/05/2026 - 12:46:07
A3: 62678603000102 | B3: Gabriel Eliseo Saqueto | C3: 369.462.398-14 | D3: gabriel.saqueto@sancla.com.br | E3: (18)99751-5357 | F3: Implantação | G3: gasaqueto@gmail.com | H3: =VLOOKUP(G3,Adesão!$B$1:$D$14,3,FALSE) -> #N/A | I3: =VLOOKUP(G3,'Termo de Uso'!$B$1:$D$14,3,FALSE) -> #N/A
A4: 54689652000104 | B4: Tainara Flanderson Rosa | C4: 063.870.269-03 | D4: tainara.trombini@sancla.com.br | E4: (43)99912-3728 | F4: Inaugurada | G4: tainara.trombini@sancla.com.br | H4: =VLOOKUP(G4,Adesão!$B$1:$D$14,3,FALSE) -> 18/05/2026 - 14:45:14 | I4: =VLOOKUP(G4,'Termo de Uso'!$B$1:$D$14,3,FALSE) -> 18/05/2026 - 14:45:14
A5: 40823994000160 | B5: Adriana Maria da Silva Leite | C5: 213.940.548-07 | D5: adriana.leite@sancla.com.br | E5: (61)99647-0326 | F5: Inaugurada | G5: adrianavet2022@gmail.com | H5: =VLOOKUP(G5,Adesão!$B$1:$D$14,3,FALSE) -> 18/05/2026 - 11:37:51 | I5: =VLOOKUP(G5,'Termo de Uso'!$B$1:$D$14,3,FALSE) -> 18/05/2026 - 11:37:51
A6: 59244700000174 | B6: MARIA TERESA MALUF NOVAES | C6: 366.701.638-78 | D6: teresa.maluf@sancla.com.br | E6: (64)98102-3363 | F6: Implantação | G6: teresa.maluf@sancla.com.br | H6: =VLOOKUP(G6,Adesão!$B$1:$D$14,3,FALSE) -> 18/05/2026 - 10:54:18 | I6: =VLOOKUP(G6,'Termo de Uso'!$B$1:$D$14,3,FALSE) -> 18/05/2026 - 10:54:18
A7: 36345927000100 | B7: Carla Veronesi | C7: 280.883.128-50 | D7: carla.veronesi@sancla.com.br | E7: (41)98723-1047 | F7: Inaugurada | G7: carlaveronesi@yahoo.com.br | H7: =VLOOKUP(G7,Adesão!$B$1:$D$14,3,FALSE) -> 18/05/2026 - 13:29:14 | I7: =VLOOKUP(G7,'Termo de Uso'!$B$1:$D$14,3,FALSE) -> 18/05/2026 - 13:29:14
A8: 49319069000171 | B8: ISABELLA BRITO FERREIRA DA SILVA | C8: 417.912.398-38 | D8: isabella.brito@sancla.com.br | E8: (14)99725-6251 | F8: Inaugurada | G8: isabella.brito@sancla.com.br | H8: =VLOOKUP(G8,Adesão!$B$1:$D$14,3,FALSE) -> #N/A | I8: =VLOOKUP(G8,'Termo de Uso'!$B$1:$D$14,3,FALSE) -> #N/A
A9: 60838272000197 | B9: FERNANDA MARIA DE OLIVIERA DIAS | C9: 054.973.019-24 | D9: fernanda.oliveira@sancla.com.br | E9: (43)996922367 | F9: Inaugurada | G9: fernanda.oliveira@sancla.com.br | H9: =VLOOKUP(G9,Adesão!$B$1:$D$14,3,FALSE) -> 18/05/2026 - 11:02:33 | I9: =VLOOKUP(G9,'Termo de Uso'!$B$1:$D$14,3,FALSE) -> 18/05/2026 - 11:02:33
A10: 21094324000106 | B10: DEBORAH MARIA DE OLIVEIRA SOUZA SCHNEIDER | C10: 081.087.386-95 | D10: deborah.schneider@sancla.com.br | E10: (16)99646-7925 | F10: Inaugurada | G10: deborah.schneider@sancla.com.br | H10: =VLOOKUP(G10,Adesão!$B$1:$D$14,3,FALSE) -> #N/A | I10: =VLOOKUP(G10,'Termo de Uso'!$B$1:$D$14,3,FALSE) -> #N/A
A11: 46572980000106 | B11: GUILHERME HENRIQUE DE AVILA | C11: 215.983.578-16 | D11: guibarretos@gmail.com | E11: (17)99111-9904 | F11: Inaugurada | G11: guilherme.avila@sancla.com.br | H11: =VLOOKUP(G11,Adesão!$B$1:$D$14,3,FALSE) -> 18/05/2026 - 15:26:58 | I11: =VLOOKUP(G11,'Termo de Uso'!$B$1:$D$14,3,FALSE) -> 18/05/2026 - 15:26:58
A12: 62413086000131 | B12: BRUNA KREPKI RODRIGUES DA COSTA | C12: 443.183.368-40 | D12: bruna.krepki@sancla.com.br | E12: (15)99772-8752 | F12: Inaugurada | G12: bruna.krepki@sancla.com.br | H12: =VLOOKUP(G12,Adesão!$B$1:$D$14,3,FALSE) -> 18/05/2026 - 16:19:59 | I12: =VLOOKUP(G12,'Termo de Uso'!$B$1:$D$14,3,FALSE) -> 18/05/2026 - 16:19:59
A13: 40505990000134 | B13: João Augusto Leonel de Souza | C13: 354.077.498-07 | D13: joao.souza@sancla.com.br | E13: (16)99799-6543 | F13: Inaugurada | G13: desouza.ja@gmail.com | H13: =VLOOKUP(G13,Adesão!$B$1:$D$14,3,FALSE) -> 18/05/2026 - 14:37:13 | I13: =VLOOKUP(G13,'Termo de Uso'!$B$1:$D$14,3,FALSE) -> 18/05/2026 - 14:37:13
... A16: 43230718000187 | B16: CARLOS ALBERTO MUNDIM JUNIOR | C16: 836.175.909-3 | D16: carlos.mundim@sancla.com.br | E16: (41)99835-0888 | F16: Implantação | G16: mundimvetsocial@outlook.com | H16: =VLOOKUP(G16,Adesão!$B$1:$D$14,3,FALSE) -> 25/05/2026 - 12:19:05 | I16: =VLOOKUP(G16,'Termo de Uso'!$B$1:$D$14,3,FALSE) -> 25/05/2026 - 12:19:05
A17: 42800452000106 | B17: Ana Carolina Grzegorczyk | D17: caroline.yonaha@sancla.com.br | E17: (43)99140-7822 | F17: Inaugurada | G17: carollyonaha@gmail.com | H17: =VLOOKUP(G17,Adesão!$B$1:$D$14,3,FALSE) -> 18/05/2026 - 12:01:15 | I17: =VLOOKUP(G17,'Termo de Uso'!$B$1:$D$14,3,FALSE) -> 18/05/2026 - 12:01:15
